Melanie,Ogden
Megan,Forsyth
Sam,Manning
Zoe,Edmunds
Chloe,Metcalfe
Anne,Anderson
Gavin,Buckland
Robert,Wallace
Julian,Gray
Blake,Quinn
Megan,Black
Cameron,Lee
Amanda,Walsh
Isaac,Wilkins
Dominic,Wilkins
Colin,Rees
Carolyn,Thomson
Thomas,McLean
Una,White
Adrian,Randall
Grace,Forsyth
Vanessa,Edmunds
Steven,Harris
Nicola,Piper
Sally,Manning
Jasmine,King
Peter,Gray
Claire,Paige
Sarah,Lawrence
Yvonne,MacLeod
Anthony,Blake
Sue,Butler
Faith,Howard
Gordon,Young
Justin,Chapman
Madeleine,Bower
Justin,Howard
Yvonne,Dowd
Jason,Sharp
Claire,Greene
Adam,Davies
Carl,Dowd
Deirdre,Anderson
Robert,Payne
Oliver,Bell
Tracey,Sanderson
Chloe,Henderson
Owen,Burgess
Ruth,Skinner
Nathan,Wilson
Stephen,Howard
Kylie,Hill
Alan,Lyman
Rose,Langdon
Dan,Coleman
Gavin,Hughes
Yvonne,Poole
Lillian,Mitchell
Ella,Campbell
Emily,Roberts
Cameron,Underwood
Elizabeth,Langdon
Yvonne,Allan
Jessica,MacDonald
Kylie,Hamilton
Sam,Dyer
Edward,Coleman
Phil,Sutherland
Evan,Kerr
Blake,Pullman
Megan,Fisher
Irene,Simpson
Ryan,Poole
Dorothy,Johnston
Jennifer,Short
Emma,Howard
Rebecca,Lee
Katherine,Hemmings
Trevor,Marshall
William,Gray
Robert,Berry
Adrian,Newman
Heather,Hill
Katherine,Ellison
Colin,Graham
Tim,Alsop
Isaac,Clark
Trevor,Scott
Sebastian,Bond
Andrew,Poole
Jason,Mackay
Molly,Dickens
Jason,Knox
Elizabeth,Miller
Victoria,Oliver
Joe,Sanderson
Amelia,Mills
Melanie,James
Amy,Walsh
Edward,Gill
Paul,Howard
Keith,McDonald
Hannah,Forsyth
Pippa,Powell
Nicholas,Welch
Adam,Short
Eric,Skinner
Kimberly,Edmunds
Hannah,Ross
Isaac,May
Warren,Howard
Gavin,Martin
Victor,Paige
Julia,Wilson
Irene,Forsyth
Samantha,Bower
Carl,Forsyth
Joan,Smith
Samantha,Carr
Sophie,Dyer
Christian,Pullman
James,Glover
Diane,Rampling
Michelle,Vaughan
Stephanie,Alsop
Steven,Kerr
Dominic,Chapman
Dylan,Sutherland
Alison,Powell
Robert,Greene
Alison,Dowd
Phil,Ferguson
Max,Clarkson
Michael,Knox
Christopher,Harris
Alison,Dyer
Stewart,Hill
Heather,Stewart
Yvonne,Peake
Kevin,Knox
Heather,Sharp
Nicola,Grant
Amelia,Ogden
Oliver,Nolan
Joanne,Clark
Irene,Knox
Megan,Hamilton
Warren,Kelly
Trevor,Smith
Wanda,MacDonald
Sonia,Mitchell
Owen,MacDonald
Rachel,Gray
Christopher,Ross
Tracey,Gill
Carolyn,Walker
Dorothy,Burgess
Kylie,Skinner
Ava,Lewis
John,Sharp
Kylie,Parr
Anne,Mills
Sarah,Hill
Deirdre,Butler
William,Tucker
Felicity,Stewart
Jonathan,Watson
Adam,Roberts
Bella,Hemmings
Sophie,Burgess
Gabrielle,Kelly
James,Baker
Sean,King
Ian,Ince
Amelia,Lee
Fiona,Clark
Mary,Buckland
Charles,Murray
Mary,Watson
Amy,Carr
Dominic,Langdon
James,Alsop
Sebastian,Slater
Chloe,Vaughan
Liam,Watson
Dan,Taylor
Lily,Kerr
Keith,Pullman
Phil,Morgan
Jason,McLean
Leah,Peake
Emily,Ogden
James,Metcalfe
Charles,Peake
Jack,Young
Faith,Martin
Joshua,Wilkins
Audrey,Paige
Samantha,Wilson
Warren,Black
Warren,Sutherland
Kylie,Howard
Anthony,Rutherford
Zoe,Clarkson
Theresa,Newman
David,Cornish
Paul,Lewis
Lucas,Mathis
Colin,Skinner
Madeleine,Butler
Madeleine,Sutherland
Benjamin,Quinn
Rebecca,Hudson
Edward,King
Lillian,Smith
Anthony,Young
Benjamin,Clarkson
Dylan,Wright
Piers,Abraham
Ryan,Payne
Frank,Ball
Heather,Nash
Felicity,Parr
Ella,Carr
Sean,Lewis
Colin,North
Wanda,Arnold
Penelope,Fisher
Keith,Peake
Alexandra,Bower
Benjamin,Hamilton
Piers,Knox
Sonia,Churchill
Tracey,Jones
Elizabeth,Jackson
Nicola,White
Harry,Coleman
David,Hardacre
Phil,Nash
Zoe,Glover
Jessica,Thomson
Jan,Scott
Felicity,Roberts
Angela,Thomson
John,James
Lauren,Oliver
James,Jones
Julia,Fraser
Luke,Edmunds
Stewart,Vance
Kevin,Lewis
Blake,Bower
Theresa,Underwood
Cameron,Springer
Sam,Wilkins
Matt,Russell
David,Anderson
Boris,Allan
Sonia,Bond
Kimberly,Coleman
Dylan,Gill
Matt,McLean
Piers,Lewis
Tim,MacLeod
Peter,White
Ryan,Wilkins
Sebastian,Simpson
Andrew,Pullman
Natalie,Ogden
Irene,Rutherford
Piers,Nash
Madeleine,Taylor
Lily,Black
Jasmine,Slater
Peter,Davies
Phil,Thomson
Steven,Gray
Christopher,MacDonald
Joan,Arnold
Benjamin,McLean
Owen,Davidson
Jack,Hamilton
Lauren,Hamilton
Samantha,Ross
Una,Avery
Leonard,Watson
Ava,Rees
Jonathan,Anderson
Brian,Lyman
Piers,Dickens
Michael,Metcalfe
Paul,Burgess
Hannah,Lyman
Sean,Campbell
Warren,Terry
Warren,Smith
Victor,MacDonald
Amanda,Jackson
Ian,Morgan
Victoria,Butler
Grace,Kelly
Rose,Grant
Vanessa,Hamilton
Warren,White
Carolyn,Clark
Wendy,Clarkson
Victor,Robertson
Bella,Coleman
Jan,Bond
Abigail,Martin
Lisa,MacLeod
Mary,Churchill
Bella,Turner
Fiona,Mathis
Victor,Rampling
Jonathan,Baker
Harry,Parsons
Harry,Powell
Justin,MacDonald
Jessica,Bond
Carolyn,Buckland
Gavin,White
Audrey,Buckland
Deirdre,Cornish
Alan,Brown
Peter,Randall
Julian,Short
Phil,Short
Gabrielle,Metcalfe
Sophie,North
Cameron,Robertson
Anne,Chapman
Karen,Lewis
James,Anderson
Brandon,Carr
Charles,Hardacre
Robert,Buckland
Virginia,Baker
Emma,Manning
Alison,Chapman
Tracey,Newman
Nathan,Wallace
Ava,Paterson
Charles,Vance
Gordon,Vaughan
Jack,James
Sebastian,Johnston
Irene,Martin
Liam,Metcalfe
Carol,King
Audrey,Randall
Keith,Smith
Tim,Duncan
Diane,Fisher
Keith,Hodges
Ruth,Greene
Wendy,Bailey
Justin,Lyman
Virginia,Ellison
Trevor,Randall
Brian,Murray
Ava,Sharp
Connor,Mitchell
Elizabeth,Mills
Molly,Wallace
Trevor,Martin
Colin,Bower
Eric,Butler
Nathan,Poole
Yvonne,Oliver
Carol,Davidson
Amelia,Clark
Isaac,Vance
Jacob,Berry
Sam,Stewart
Isaac,Taylor
Virginia,McGrath
Gordon,Berry
Neil,Manning
Sophie,Vaughan
Benjamin,Sanderson
Joan,Black
Jack,Coleman
Gordon,Sanderson
Jan,Clarkson
Blake,Murray
Matt,Simpson
Kylie,Knox
Megan,Campbell
Lillian,McGrath
Theresa,Duncan
Anne,Buckland
Dominic,Watson
Nicola,Nolan
Sebastian,Ogden
Katherine,Jones
Grace,Ogden
Megan,Blake
Stewart,Fraser
Victoria,Slater
Phil,Hemmings
Theresa,Poole
Pippa,Hodges
Ella,Cornish
Irene,Russell
Leah,Chapman
Jasmine,Clark
Tracey,Lyman
Stephanie,Davidson
Alexander,Ellison
Michelle,Parr
Victoria,Davies
Evan,Dowd
Megan,Simpson
Carolyn,Springer
Jennifer,James
Lisa,Grant
Piers,Sanderson
Kimberly,Buckland
Keith,Mills
Kevin,Ferguson
Charles,Dowd
Benjamin,Smith
Sonia,Henderson
Olivia,Wallace
James,Short
David,Marshall
Trevor,Morrison
Adrian,Knox
Stephen,Springer
Victoria,Quinn
Matt,Walsh
Amelia,Hardacre
Julian,Welch
Dorothy,Nolan
Sue,Coleman
Harry,Bower
Jason,Jackson
Nathan,Parr
Dorothy,Ellison
Benjamin,Butler
Dylan,Nash
Alison,Kerr
Penelope,Gray
Peter,Murray
Amanda,Wallace
Brandon,Tucker
Jasmine,Campbell
Jason,Welch
Audrey,MacLeod
John,Robertson
Warren,Paterson
Christopher,Davies
Neil,Nash
Ella,Fisher
Owen,Watson
Jennifer,Turner
Carol,Brown
Luke,Skinner
Matt,Campbell
Blake,Davidson
Adam,Brown
William,Murray
Andrew,Turner
Joan,Abraham
Rebecca,Blake
Blake,Bailey
Melanie,Short
Amanda,McGrath
Joe,MacDonald
Keith,Butler
Nicholas,Butler
Wendy,Wilson
Jane,Stewart
Deirdre,Blake
Stephen,MacDonald
Madeleine,Jackson
Heather,Nolan
Jasmine,Coleman
Joanne,Skinner
Joanne,Ellison
Jasmine,Morgan
Natalie,Wilson
Sophie,Parsons
Amanda,McLean
John,Gibson
Ian,Kelly
Christopher,Vance
Charles,Gray
Bernadette,Ferguson
Tim,Burgess
Nicola,Sharp
Adrian,Ogden
William,Scott
Carolyn,Scott
Nicola,Ellison
Ryan,Rampling
Simon,Skinner
Victor,Gray
Gavin,Burgess
Dominic,Miller
Michelle,Skinner
Yvonne,Jones
Emily,Dickens
Victor,Dowd
Diana,Hill
Vanessa,Hart
Stephanie,Bailey
Austin,Burgess
Jane,McLean
Robert,Bond
Connor,Dyer
Jacob,Vaughan
Nicholas,Campbell
Lucas,Kelly
Alexander,Skinner
Michael,Hardacre
Michelle,Harris
Ava,Short
Charles,Ferguson
Rose,Dowd
Anna,Ince
Adrian,Ross
Sean,Alsop
Ryan,Butler
Victor,Campbell
David,Howard
Ryan,Dowd
Theresa,Walker
Adrian,Robertson
Molly,Arnold
Abigail,Short
Felicity,Quinn
Harry,Buckland
Stewart,Newman
Diane,Metcalfe
Gavin,Bell
Jasmine,Rutherford
Gabrielle,Randall
Ian,Sharp
Kimberly,Ferguson
Anne,Arnold
Nicholas,Fisher
Kimberly,Simpson
Amelia,Carr
Brian,Henderson
Irene,Allan
Liam,Graham
Olivia,Arnold
Steven,Rutherford
Maria,Ball
Charles,Wilson
Luke,Robertson
Deirdre,Ellison
Faith,Russell
Jason,Sanderson
Pippa,Gray
Lucas,Wilson
Lillian,Miller
Max,Alsop
Adam,Davidson
Matt,North
Dominic,May
James,Payne
James,Newman
Max,Gibson
Sean,Miller
Stephen,Lee
Sam,Newman
Megan,Ogden
Katherine,Paterson
Edward,May
Deirdre,Hughes
Jonathan,Young
Leonard,Lyman
Owen,Tucker
Andrea,White
Fiona,Powell
Alan,Bell
Isaac,Rampling
Jake,Forsyth
Donna,Nolan
Harry,Walsh
Kimberly,Hemmings
Jane,Butler
Carol,Edmunds
Sam,Lewis
Ian,Turner
Adam,Russell
Alexander,Hamilton
Theresa,Kerr
Lisa,Butler
Tracey,Hardacre
Christopher,Paige
Jan,Walker
Sophie,Bailey
Elizabeth,Butler
Ava,James
Blake,Thomson
Alexandra,Ogden
Ian,Mills
Joe,Arnold
Trevor,Sutherland
Boris,Johnston
Jake,Bell
Melanie,Peake
Maria,Martin
Jonathan,Peters
Owen,Chapman
Sophie,Knox
Caroline,Gill
Andrea,Anderson
Carolyn,Simpson
Joe,Sharp
Gabrielle,Mitchell
John,Skinner
Karen,Dickens
Jason,Bailey
Sally,Davidson
Fiona,Buckland
Una,Hunter
Stephen,Arnold
Diana,Gill
Neil,Anderson
Sebastian,Howard
Cameron,Quinn
Michelle,Abraham
Faith,Butler
Liam,Burgess
Lily,Peters
William,Graham
Jennifer,Lyman
Stephen,Lambert
Melanie,Randall
Bella,Bell
Theresa,Hardacre
Deirdre,Morgan
Colin,Ferguson
Diana,Simpson
Joe,Simpson
Lauren,Lambert
Neil,Short
Emma,Greene
Ava,Hunter
Sam,Skinner
Jennifer,Clarkson
Kimberly,McGrath
Ella,Piper
Thomas,Roberts
Andrea,Burgess
Frank,Hodges
Melanie,Hudson
Michelle,Davies
Emily,May
Michelle,Hardacre
Stewart,Rutherford
Jason,Blake
Jane,Edmunds
Deirdre,Vance
Adam,Howard
Jonathan,Hodges
Sarah,Bond
Dylan,Ellison
Joan,Allan
Vanessa,Scott
Felicity,Sanderson
Bella,Ball
Christian,Turner
Lily,Davies
Nathan,Russell
Tim,McGrath
Benjamin,Metcalfe
James,Mills
Simon,Paterson
Liam,Avery
Joseph,Peters
Alexander,Dyer
Stephanie,Sanderson
Andrea,Payne
William,Fraser
Isaac,Langdon
Dan,Walsh
Sarah,Watson
Amelia,Thomson
Christian,Clarkson
Heather,Graham
Lisa,Russell
Joan,Lawrence
Nicholas,Kelly
Jessica,Clark
Luke,Payne
Tim,Arnold
Lucas,Allan
Isaac,Lewis
Hannah,King
Tracey,Sutherland
Emily,Randall
Charles,Jackson
Adrian,Payne
Dylan,Payne
Chloe,Newman
Stephanie,Coleman
Alan,Slater
Hannah,Marshall
Blake,Brown
Audrey,Mathis
Jason,Buckland
Warren,Watson
Andrea,Terry
Wanda,Clark
Ryan,Dyer
Neil,Terry
Victoria,Reid
Carl,Black
Emma,Hart
Rachel,Pullman
Connor,Morrison
Carolyn,King
Heather,Dickens
Stewart,Pullman
Edward,Pullman
Brandon,May
Jan,Mills
Jonathan,McGrath
Lillian,Henderson
Amanda,Anderson
Michael,Wilkins
William,Fisher
Faith,Lambert
Karen,Greene
Liam,Jones
Leonard,Coleman
Isaac,Simpson
Jan,Kelly
Emma,Scott
Christian,Manning
Gavin,Hemmings
Alan,Walsh
David,Duncan
Katherine,Sutherland
Sam,MacDonald
Claire,Dowd
Dominic,Metcalfe
Lucas,Arnold
Sarah,Clarkson
Max,Graham
Bella,Ellison
Adam,Turner
Jack,Parr
Carolyn,Smith
Blake,Hamilton
Yvonne,Gill
Keith,Scott
Edward,Robertson
Blake,Kerr
Neil,Carr
Audrey,Davies
Carl,Sharp
Joseph,Dowd
Sally,Gibson
Lillian,McDonald
Zoe,Baker
Alexandra,Carr
Boris,Baker
Vanessa,Campbell
Anna,Mackenzie
Tracey,Cornish
Tim,Parr
Karen,Hodges
Jan,Avery
Rebecca,Mathis
Julian,Peters
Jan,Ross
Brandon,Hudson
Dylan,Poole
Alexander,Rees
Sally,Ellison
Lisa,McLean
Heather,Sanderson
Irene,Lee
Penelope,Gibson
Julian,Mackenzie
Liam,Anderson
Peter,Scott
Audrey,Russell
Isaac,Springer
Lily,Marshall
Tracey,Langdon
Abigail,Bailey
Boris,Cameron
Bernadette,Lee
Brian,North
Tim,Piper
Warren,Anderson
Charles,Gill
Fiona,Baker
Simon,Ince
Rose,Bower
Ava,Cornish
Diana,Blake
Warren,Fisher
Emma,McDonald
Lily,Bell
Stephanie,Howard
Alexandra,Vaughan
Adam,Jones
Bernadette,Knox
Julia,Langdon
Olivia,Rampling
Phil,Smith
Jessica,Smith
Angela,Black
Rachel,Robertson
Dylan,Dickens
Bella,Mackay
Blake,Robertson
Molly,King
Amy,Murray
Matt,Dowd
Mary,Quinn
Tracey,Ross
Sue,Wilson
Zoe,Bell
Fiona,Dowd
Paul,Rampling
Andrea,Short
Chloe,Wallace
Nicholas,MacDonald
Trevor,Welch
Julian,Payne
Amelia,McLean
Joshua,Ball
Cameron,Mackenzie
Kimberly,Henderson
Samantha,Graham
Sonia,Duncan
Dan,Fraser
Warren,Blake
Steven,White
Maria,Greene
Chloe,Rees
Abigail,Hamilton
Fiona,North
Wendy,Graham
Pippa,Parsons
Penelope,Short
Joshua,Fraser
Anne,Peake
Amanda,Davidson
Jake,Hart
Jacob,Dyer
Rose,Welch
Luke,Oliver
Cameron,Manning
Richard,McDonald
Lillian,Parr
Gabrielle,Smith
Abigail,Ellison
Alexandra,Blake
Owen,Wilson
Amanda,Welch
Dylan,Hardacre
Jennifer,Reid
Leonard,Arnold
Warren,Ross
Michelle,Martin
Dan,Langdon
Adam,Hart
Kimberly,Wallace
Rose,Hart
Dylan,Kerr
Bernadette,Harris
Stewart,Rees
Cameron,Simpson
Victor,Russell
Max,Walsh
Amy,Nolan
Audrey,Smith
John,White
Ryan,Clark
Jan,Harris
Jason,Edmunds
Oliver,Pullman
John,Kelly
Jessica,Taylor
Jane,Nolan
Elizabeth,Edmunds
Warren,Hodges
Sebastian,Nolan
Neil,Hart
Deirdre,Chapman
Jacob,Thomson
Lily,MacDonald
Leah,Payne
Vanessa,King
Michael,Poole
John,Blake
Amanda,Martin
Brian,Metcalfe
Ian,Fraser
Trevor,Chapman
Robert,Reid
Jason,Bower
Emily,Walker
Steven,Glover
Sebastian,Dickens
Samantha,Jackson
Ryan,McGrath
Austin,Scott
Adam,Powell
Ian,Slater
Pippa,Duncan
Jessica,Welch
Simon,Morgan
Nicola,Wilkins
Harry,Bond
Amelia,Greene
Austin,Buckland
Amelia,Bower
Jack,Lee
Heather,MacLeod
Angela,Morrison
Sue,Kelly
Phil,Wilkins
Leah,Fraser
Irene,Burgess
Jake,Roberts
Zoe,Rees
Boris,Poole
Jessica,Ogden
Diane,Henderson
Charles,Walker
Jacob,Scott
Angela,Fisher
Stephen,Marshall
Melanie,Duncan
Olivia,Dickens
Felicity,Davies
Dominic,Tucker
Sonia,Gill
Audrey,McGrath
Lisa,Alsop
Irene,Peake
Jake,Hill
Adrian,Cornish
Sean,Peake
Evan,Lee
Stephanie,Cameron
Nicholas,Parr
Carol,Davies
Evan,Anderson
Vanessa,Sanderson
Diana,Bond
Liam,Cameron
John,Martin
Nicola,Mackay
Jennifer,Dowd
Caroline,Scott
Jack,Bell
Richard,Skinner
Joan,Ball
Carol,Langdon
Carl,Cameron
Melanie,Sanderson
Claire,Powell
Nicholas,Parsons
Katherine,Peters
Evan,Sutherland
Diane,Johnston
Julian,Davies
Joan,Hill
Evan,Hart
Warren,Powell
Angela,Smith
Yvonne,Parr
Sean,Watson
Tim,Dickens
Nicola,Skinner
Rebecca,Martin
Cameron,Welch
Carl,Arnold
Adrian,Tucker
Dominic,Simpson
Max,Lyman
Jack,Rampling
Lucas,Roberts
Nicholas,Edmunds
Una,Newman
Oliver,Henderson
Lisa,Scott
Michelle,Metcalfe
Olivia,Johnston
Warren,Brown
Phil,Metcalfe
Angela,Paige
Gordon,Blake
Harry,Clarkson
Melanie,Avery
Brian,Langdon
Justin,Alsop
Anthony,Ball
Ryan,Campbell
Ruth,Powell
Samantha,Avery
Dan,Gibson
Christian,Powell
Dylan,Reid
Warren,Simpson
Elizabeth,Ferguson
Ruth,Morgan
Andrew,Mackay
Alison,Pullman
David,MacLeod
Leonard,Vaughan
Sean,Randall
Andrea,Parsons
Piers,Short
Rose,MacDonald
James,Vaughan
Gabrielle,Bower
Angela,Lambert
Blake,Allan
Brian,Knox
Kylie,Jackson
Luke,Hodges
Dominic,Fisher
Abigail,Bell
Connor,Avery
Olivia,Young
Steven,Alsop
Dan,Knox
Brandon,Baker
Diana,Ince
Alexander,Burgess
Alexander,Coleman
Lauren,Vaughan
Amy,Sutherland
Sean,Hardacre
Christian,Hodges
Penelope,Forsyth
Molly,Churchill
Elizabeth,Lambert
Adam,Nolan
Blake,Cornish
Karen,Harris
Sarah,Mackay
Brian,Coleman
Christopher,Coleman
Evan,Avery
Warren,Dickens
Abigail,Vaughan
Stephanie,Nash
Jonathan,Churchill
James,Nash
Yvonne,Peters
Alison,James
Pippa,Hunter
Caroline,King
Heather,Peters
Ella,Rees
Jasmine,Randall
Wanda,Peake
Felicity,Burgess
Carl,North
Piers,McDonald
Cameron,Mills
Liam,Tucker
Edward,Parr
Alexander,King
Carolyn,Welch
Warren,Peters
Audrey,Clark
Jake,James
Frank,Alsop
Megan,Alsop
Sam,Marshall
Chloe,Buckland
Richard,Hemmings
Angela,Metcalfe
Leah,Terry
Yvonne,Hudson
Alison,Buckland
Ryan,Buckland
Paul,Tucker
Jacob,Bell
Carolyn,McDonald
Steven,Clark
Sarah,Thomson
Andrea,Ball
Amanda,Reid
Caroline,Hemmings
Carl,Edmunds
Isaac,Miller
Vanessa,Metcalfe
Carol,Peters
Diane,Thomson
Diane,Roberts
Anne,Turner
Abigail,Kerr
Andrew,Hodges
Jack,Johnston
Emily,Carr
Max,Robertson
Rose,Pullman
Jason,Baker
James,Welch
Irene,Dickens
Nicholas,Bailey
Una,Edmunds
Sally,Forsyth
Maria,Sanderson
James,Turner
Joshua,Brown
Christopher,Hughes
Penelope,Anderson
Dominic,Hudson
Yvonne,Coleman
Luke,Parsons
Isaac,Mackenzie
Stephanie,Baker
Michelle,Howard
William,Campbell
Angela,Henderson
Carolyn,Ince
Sophie,Hart
Charles,Knox
Pippa,Lambert
Natalie,Jones
Adam,Wilson
Gordon,Davies
Sean,Ferguson
Pippa,MacDonald
Heather,Fraser
Julian,Howard
Katherine,Mathis
Deirdre,Lambert
Adam,Forsyth
Frank,Berry
Cameron,Sanderson
Julian,Wilson
Liam,King
Alison,Mackay
Amelia,Lyman
Rachel,Davies
Anna,Fisher
Simon,Fisher
Jane,Rampling
Alison,Martin
Ava,Skinner
Mary,Payne
Nathan,Hemmings
Diana,Skinner
Alison,Davidson
Heather,Robertson
Sophie,Simpson
Wendy,Pullman
Rose,Henderson
Lillian,Alsop
Eric,Wilkins
Mary,Duncan
John,Anderson
Dominic,Payne
Sonia,Johnston
Trevor,Mathis
Victor,Harris
Phil,Henderson
Richard,Mills
Kylie,Greene
Kimberly,Terry
Frank,May
Madeleine,Vaughan
Stewart,Short
Dan,Bond
Eric,Sharp
Justin,Ellison
Lily,Pullman
Ava,North
Gabrielle,Vaughan
Megan,Hughes
Lily,Simpson
Stephanie,Ince
Alexander,Hardacre
Connor,May
Gavin,Edmunds
Una,Underwood
Stephanie,Gray
Neil,Ogden
Victor,Mackay
Adam,Terry
Sonia,Springer
Connor,Howard
Owen,Berry
Liam,Harris
Alexander,Welch
Wendy,Ince
Victor,Lambert
Robert,Rees
Karen,Bell
Diane,Allan
Rose,Gill
Maria,James
Megan,MacLeod
Amanda,Morrison
Joseph,Ince
Vanessa,Terry
Madeleine,Johnston
Jason,McDonald
Blake,Burgess
Natalie,Anderson
Charles,Brown
Maria,Miller
James,Burgess
Joshua,Parsons
Angela,Manning
Joseph,Hill
Claire,Stewart
Theresa,Thomson
Natalie,Rutherford
Joanne,Chapman
Deirdre,Tucker
Jack,Clarkson
Anna,Duncan
Austin,Hart
Sarah,Metcalfe
Keith,Jones
William,Clarkson
Richard,Harris
Alison,Poole
Tim,Mackenzie
Andrea,Johnston
Andrew,Dowd
Tracey,Kerr
Tracey,Baker
Julian,Martin
Jacob,Paterson
Dominic,Gibson
Heather,King
Thomas,Parr
Boris,Ferguson
Michelle,MacLeod
Carol,Cornish
Andrea,Mackay
Penelope,Miller
Irene,Greene
Karen,Paterson
Ella,Pullman
Edward,Berry
Nathan,Mackenzie
Jacob,Young
Penelope,Johnston
Alexander,Hunter
Amelia,Campbell
Adam,Allan
Dylan,Scott
Boris,Mills
Gavin,McDonald
Tim,Ball
Michelle,Scott
Sean,Gray
Oliver,Avery
Claire,Howard
Owen,Glover
Pippa,Randall
James,Langdon
Jake,Gray
David,Knox
Lillian,Bell
Warren,Hart
Olivia,Pullman
Connor,Lambert
Sally,Short
Chloe,Young
Kevin,Peters
Charles,Gibson
Boris,Sutherland
Anthony,Buckland
Carol,Ince
Tim,Roberts
Gavin,Hamilton
Elizabeth,Johnston
Anne,Hart
Simon,Newman
Natalie,Howard
Jonathan,Payne
Emma,Young
Jack,Poole
Alan,Sanderson
Lucas,Henderson
Caroline,White
Natalie,Peters
Connor,Wilson
Joe,Henderson
Eric,Robertson
Julia,North
Megan,Parr
Jack,Black
Lillian,Dowd
Sue,MacDonald
Angela,Coleman
Maria,Forsyth
Jasmine,Payne
Jacob,Bond
Alexander,Vaughan
Warren,Short
Sally,King
John,Ince
Natalie,McLean
Harry,Graham
Joanne,Graham
Alexander,Payne
Lillian,Lyman
Tracey,Gray
Eric,Hill
Christian,McGrath
Frank,Piper
Sonia,Vance
Karen,Glover
Lucas,Sanderson
Eric,Alsop
Michael,Russell
Jennifer,Arnold
Amanda,Russell
Sonia,Slater
Matt,Greene
Heather,Tucker
Andrew,Greene
Olivia,Mackay
Ruth,Welch
Megan,Slater
Carolyn,MacDonald
Tim,McLean
Alexandra,Tucker
Anna,Hart
Joshua,Marshall
Sue,Martin
Maria,Mills
Tracey,Slater
Rose,Vaughan
David,Parsons
Samantha,Watson
Julian,Blake
Owen,Ellison
Joan,Nash
Bernadette,Cameron
James,Russell
Dan,Paige
Leonard,Blake
Amy,Watson
Benjamin,Pullman
Felicity,Paterson
Brandon,Walker
Megan,Paterson
Jan,Rutherford
Amy,Kelly
Dan,Manning
Phil,Bailey
Melanie,Lewis
Michelle,Gill
Amelia,Duncan
Emily,Hodges
Dylan,Manning
Anne,Quinn
Deirdre,Coleman
Natalie,Chapman
Claire,Smith
Lisa,May
Simon,Kelly
Rebecca,Robertson
Evan,Powell
Luke,Anderson
Matt,Clark
Paul,Lawrence
Chloe,Cornish
Benjamin,Parsons
Blake,Fisher
Lucas,McLean
Andrea,Piper
Nicholas,Bond
Ella,Bell
Leah,Welch
Blake,Churchill
Molly,Wright
Megan,Manning
Steven,Taylor
Mary,Mackenzie
Heather,Hart
Sam,Hart
Donna,Fraser
Jane,Hodges
Ryan,Brown
Stephen,Rees
Diana,Robertson
Phil,Turner
Bernadette,Poole
Anna,Churchill
Felicity,Cornish
Ava,Piper
Tim,Wilson
Dylan,Lyman
Richard,Dowd
Jason,Smith
Dorothy,Short
William,Langdon
Amanda,Davies
Ruth,Poole
Emma,Smith
Pippa,Lawrence
Connor,Edmunds
Benjamin,Baker
Audrey,Arnold
Joshua,Rampling
Felicity,Langdon
Frank,Fisher
Matt,Paige
Julia,Russell
Connor,Roberts
Vanessa,Underwood
Anthony,Peake
Abigail,Black
Austin,McDonald
David,Nolan
Emily,Butler
Stewart,Bower
Andrew,Springer
Pippa,Kelly
Lily,Thomson
Thomas,Hill
Cameron,Peake
Christian,May
Abigail,Morgan
Gavin,Graham
Robert,Smith
Anna,North
Andrew,McDonald
Jack,Duncan
Justin,Ross
Maria,McLean
Olivia,McLean
Virginia,Vance
Michael,Hunter
Charles,Pullman
Diana,Peake
Paul,Davies
Joanne,Dickens
Irene,Short
James,Churchill
Carolyn,Ogden
Theresa,Turner
Jane,Peake
Pippa,Ferguson
Andrew,Marshall
Keith,Peters
Dylan,MacDonald
Anne,Ellison
Angela,Cornish
Heather,Quinn
Caroline,Piper
Alexander,Watson
John,Miller
Lisa,Skinner
Dylan,Carr
Gabrielle,Burgess
Hannah,Wallace
Zoe,Dyer
Alan,Peters
Jane,Thomson
Cameron,Hart
Sebastian,Wallace
Gavin,Churchill
Jasmine,Duncan
Katherine,King
Joanne,Piper
Frank,Springer
William,Davies
Oliver,Jackson
Ruth,Avery
Amy,Springer
Sonia,Thomson
Abigail,Arnold
Colin,Metcalfe
Nicola,Chapman
Abigail,Gill
Gordon,Duncan
Victor,Rees
Stewart,Ferguson
William,Lyman
Justin,Morrison
Gavin,Murray
Isaac,Wilson
Jan,Gray
Ella,Mathis
Joseph,Turner
Richard,Marshall
Peter,Taylor
Oliver,Cornish
Fiona,Lyman
Olivia,Carr
Warren,Nolan
Steven,Dickens
Madeleine,Allan
Trevor,Thomson
Evan,Sharp
David,Mackay
Deirdre,Davidson
Penelope,McGrath
Jennifer,Blake
Faith,Miller
Luke,Ogden
Robert,Bailey
Una,Rees
Tracey,McGrath
Adrian,Smith
Lauren,Walsh
Andrea,Lambert
Brian,Vance
Adrian,Morgan
Chloe,Blake
Ryan,Abraham
Alison,Thomson
Frank,Dyer
Edward,Slater
Harry,Johnston
Lily,Tucker
Sonia,Simpson
Kevin,Abraham
Evan,White
Sally,Randall
Amelia,Kelly
Bella,Rampling
Amanda,Jones
Frank,Tucker
Warren,Gray
Felicity,Coleman
Joe,Gill
Edward,Ball
Rose,Piper
Richard,Ogden
Adrian,Mathis
Kimberly,Hamilton
Lillian,Morrison
Tracey,Wallace
Emma,Chapman
Paul,Manning
James,Morrison
Justin,Newman
Jonathan,Martin
Ryan,Roberts
Owen,Fisher
Julia,Paige
Claire,Metcalfe
Jacob,Avery
Angela,McLean
Faith,Metcalfe
Nathan,Coleman
John,Wallace
William,Paterson
Christian,MacDonald
Andrew,Ball
Grace,Campbell
Blake,Dickens
Edward,Brown
Leah,Lyman
Anthony,Oliver
Ian,Langdon
Leonard,Thomson
Felicity,Metcalfe
Ruth,Miller
Jennifer,North
Andrew,Rampling
Samantha,North
Ryan,Hemmings
Eric,Lawrence
Gavin,Mackay
Keith,Mackenzie
Chloe,Wright
Diana,Gray
Christian,Scott
Ryan,Young
Jasmine,Martin
Sebastian,Ball
Matt,Gill
Andrew,Skinner
Jane,Gill
Wendy,Wright
Peter,Ince
Felicity,Rampling
Justin,Lee
Joshua,Hart
Leonard,Young
Virginia,Young
Harry,Gray
Frank,Henderson
Penelope,Hudson
Sebastian,Parr
Alison,Russell
Una,Bailey
Alison,Roberts
Angela,James
Claire,Poole
Irene,Hunter
Peter,Young
Benjamin,Black
Felicity,Ogden
Mary,Davidson
Sally,Dowd
Dominic,Hart
Michael,Wright
Paul,Miller
Robert,Randall
Joseph,Ferguson
Alexander,Hughes
Sophie,Clark
Gordon,Tucker
Deirdre,Abraham
Warren,McLean
Michael,Hodges
Yvonne,Avery
Julia,Knox
Jacob,Mitchell
Angela,Poole
Ava,Marshall
Elizabeth,McDonald
Thomas,Morrison
Sam,Robertson
David,Lawrence
Sebastian,Watson
Eric,Quinn
Thomas,Scott
Stewart,Walsh
Rebecca,Mitchell
Megan,Oliver
Lily,Ball
Lauren,Bailey
Amelia,Gray
Sam,Lee
Owen,Skinner
Megan,Sharp
Grace,Hamilton
Vanessa,Forsyth
Dan,Stewart
Julian,Black
Joshua,Davidson
Melanie,Robertson
Karen,Nolan
Steven,Paige
Matt,Howard
Diana,Slater
Gavin,Jackson
Christian,Brown
Joshua,Gray
Ella,Dickens
Tim,Ferguson
Christian,Ross
Rebecca,Glover
Christopher,Pullman
Deirdre,Wilkins
Elizabeth,Wilkins
Blake,Wilkins
Amanda,MacLeod
Cameron,Howard
Joe,Vaughan
Faith,Poole
Stewart,Carr
Leonard,Chapman
Jason,Rutherford
Peter,Underwood
Deirdre,Dowd
Jacob,King
Gabrielle,MacLeod
Michael,Edmunds
Peter,Baker
William,Manning
Connor,Hughes
Alan,Thomson
Yvonne,Butler
Heather,Roberts
Gordon,Bailey
Oliver,Walker
Leonard,Bower
Jake,Black
Matt,Metcalfe
Frank,Ross
Leah,Dickens
Brian,McDonald
Trevor,Brown
Julia,McLean
Joe,Skinner
Julian,Hart
Karen,Thomson
Victor,Berry
Faith,Jones
Melanie,Dyer
Pippa,Ellison
Emily,Graham
Caroline,Slater
Isaac,Skinner
Donna,Sanderson
Paul,Dickens
Elizabeth,Berry
Hannah,Welch
Boris,Carr
Karen,Springer
Wendy,Ball
Owen,Springer
Zoe,Forsyth
Colin,McDonald
Elizabeth,Rutherford
Alexander,Johnston
Heather,Skinner
Amy,Mills
Nicola,Gibson
William,Newman
Bernadette,Martin
Sarah,Bailey
Sarah,Ross
Andrew,Young
Isaac,Vaughan
Michelle,Slater
Dan,Hudson
Sebastian,Kelly
Sebastian,Lewis
Vanessa,Sutherland
Jonathan,Rees
Boris,Davidson
Adrian,Lambert
Heather,Short
Eric,Forsyth
Dorothy,Vaughan
Wendy,Stewart
Connor,Wilkins
Abigail,Wilson
Sonia,Reid
Audrey,Mitchell
Dorothy,Young
James,Clark
Anna,Ogden
Nicola,North
Owen,Ferguson
Carl,Fraser
Natalie,Bower
Julian,Cameron
Steven,Jones
Matt,Oliver
Nathan,Walker
Caroline,Manning
Emma,Hudson
William,Howard
Anne,Clark
Sue,McDonald
Zoe,Hill
Anthony,Murray
Keith,Manning
Amy,Turner
Benjamin,Hill
Julian,Smith
Vanessa,Piper
Lily,Nolan
Michelle,Welch
Dominic,Graham
Elizabeth,Howard
Nicholas,Hodges
Donna,Berry
Amanda,Alsop
Heather,McGrath
Wendy,Harris
Alexander,Powell
Wanda,Powell
Evan,Carr
Sarah,Nash
Madeleine,Dowd
Carolyn,Roberts
Dylan,Young
Leonard,Bailey
Trevor,Paterson
Jonathan,Murray
Megan,Hardacre
Jane,Randall
Rebecca,Baker
Andrea,Pullman
Connor,Mills
Andrea,Wilkins
Gavin,Morgan
Oliver,Coleman
Jacob,Hunter
Natalie,Ross
Ella,Reid
Tracey,Hemmings
Joseph,Parsons
Faith,Anderson
Jacob,Clark
Carl,Underwood
Wanda,Oliver
Keith,Nolan
Victoria,Lyman
James,Mackenzie
Anthony,Piper
Hannah,Walker
Hannah,Wilson
Karen,Mathis
Faith,Hamilton
Nicola,Paige
Joshua,Howard
Boris,Ogden
Melanie,Newman
Stewart,Brown
Megan,Martin
Jennifer,Jones
Robert,Slater
Adrian,Sharp
Gordon,Lawrence
Elizabeth,Dyer
Olivia,Slater
Natalie,May
Warren,Wilson
Owen,Greene
Jane,Cornish
Sebastian,Burgess
Donna,Wilson
Blake,Hardacre
Oliver,Turner
Fiona,Knox
Fiona,Miller
Connor,Hodges
Grace,Blake
Boris,Lawrence
Diane,Mills
Megan,Harris
John,Terry
Bella,Knox
Jane,Springer
Audrey,Slater
Stephen,Abraham
Julian,Lee
Adam,Johnston
Harry,Wright
Sebastian,Rees
Alan,Carr
Ava,Black
Warren,Pullman
Sean,Wright
Tim,Black
Benjamin,Mackay
Stephanie,Gill
Anne,Russell
William,MacLeod
Leah,Alsop
Heather,Smith
Jasmine,Knox
Julian,McDonald
Owen,Stewart
Ryan,Davidson
Diane,Paige
Kevin,Rutherford
Sally,Hemmings
Gavin,Duncan
William,King
Julia,Jackson
Paul,Vance
Nathan,Springer
Jack,Miller
Paul,Robertson
Matt,Bailey
Jonathan,White
Kimberly,Powell
Gavin,Scott
Warren,Hill
Nathan,Nolan
Tracey,Young
Max,Glover
Rachel,Hill
Liam,Sanderson
Julian,Abraham
Charles,Graham
Alison,King
Kimberly,Thomson
Jacob,Vance
Richard,Ball
Gavin,Reid
Jennifer,White
Jake,Howard
Ryan,Lewis
Connor,Butler
Connor,Ellison
Justin,Turner
Hannah,Slater
Penelope,Walsh
Dominic,Reid
Diana,Watson
Heather,White
Fiona,Johnston
Lucas,Peters
Joanne,Rutherford
Julian,Slater
Jane,Roberts
Felicity,Hardacre
Lucas,Mackay
Sebastian,Forsyth
Robert,McGrath
Richard,McGrath
Victor,Sanderson
Warren,Burgess
Carl,Anderson
Wendy,Smith
Frank,Paterson
Robert,Blake
Austin,Tucker
Hannah,Johnston
Julia,Watson
Blake,Blake
Simon,Marshall
Frank,Stewart
Justin,Metcalfe
Jonathan,Paterson
Natalie,Lambert
Madeleine,Parr
Anthony,Taylor
James,Sharp
Anna,Hemmings
Anthony,Knox
Tim,Watson
Christian,Martin
Diane,Cameron
Robert,Paterson
Jessica,MacLeod
Natalie,Fraser
Gordon,Simpson
Wanda,Lyman
Maria,Coleman
Mary,Peake
Edward,Avery
Christopher,Payne
Katherine,Duncan
Nicola,Mackenzie
Sebastian,Fraser
Claire,Butler
Peter,Coleman
Richard,Langdon
Maria,Morgan
Joan,Morgan
Phil,Russell
Rose,Paige
Vanessa,Baker
Sue,Nolan
Ian,Graham
Joshua,Gibson
Amy,Greene
Nathan,Alsop
Faith,Tucker
Diana,Murray
Jan,Forsyth
Warren,Walsh
Simon,Hart
Owen,Churchill
Zoe,Springer
Warren,Forsyth
Piers,Clark
Matt,Pullman
Jasmine,Dowd
Simon,Roberts
Joseph,Howard
Rose,Churchill
Isaac,Randall
Peter,Anderson
Leonard,Gill
Melanie,White
Adam,Rampling
Una,Churchill
Dorothy,Mills
Jessica,Mackenzie
Benjamin,Mills
Robert,Johnston
Deirdre,Allan
Trevor,Abraham
Peter,Watson
Angela,Bower
Stewart,Lambert
Kimberly,Forsyth
Abigail,Roberts
Heather,Burgess
Jennifer,Grant
Jan,Ferguson
Ian,Tucker
Leonard,Metcalfe
Gavin,Sharp
Charles,Turner
Una,North
Olivia,Hodges
Harry,Underwood
Stewart,Welch
Ava,Chapman
Pippa,Hudson
Claire,Mackay
Melanie,Kelly
Claire,Hamilton
Diane,Wright
Maria,Campbell
Sean,Forsyth
Deirdre,Buckland
Ian,Peake
Victor,Slater
Richard,Baker
Natalie,Allan
Claire,Berry
Michelle,Gray
Michelle,Churchill
Ian,Powell
Austin,Sutherland
Jack,Bower
Julian,Watson
Gabrielle,Edmunds
Isaac,Manning
Alexander,James
Oliver,Hunter
Dominic,Wallace
Michael,Reid
Charles,Stewart
Jennifer,Ross
Steven,Fisher
Madeleine,Metcalfe
Samantha,Mitchell
Neil,Taylor
Wendy,Dyer
Tim,Edmunds
Kevin,Glover
Anna,Davies
Max,Churchill
Dorothy,Cornish
Julian,Dyer
Nicholas,McDonald
Warren,Gibson
Alexander,Harris
Sebastian,Mills
Felicity,Blake
Fiona,Fraser
Jack,Sanderson
Samantha,Bailey
Una,Hart
Joanne,Lawrence
Piers,Jackson
Bella,May
Justin,Stewart
Natalie,Fisher
Faith,Clark
Luke,Graham
Steven,Wright
Samantha,Black
Leah,Davidson
Colin,Baker
Joanne,Hart
David,Young
Andrew,Allan
Emma,Ince
Amanda,Rampling
Claire,Buckland
Brian,Black
Sam,Alsop
Thomas,Brown
Owen,Henderson
Max,Blake
Yvonne,Bond
Nathan,Grant
Audrey,May
Jasmine,Terry
Nicola,Bower
Deirdre,Lewis
Alison,Oliver
Ian,Gray
Christopher,Glover
Bella,Howard
Lauren,King
Nathan,Harris
Alexandra,Ross
Dominic,McLean
Thomas,North
Neil,McLean
Phil,Hodges
Boris,Rutherford
Katherine,Fisher
Isaac,Avery
Eric,Fraser
Felicity,Bailey
Gordon,Edmunds
Dan,Parsons
Michael,Howard
Alison,Bell
Alexandra,Vance
Abigail,Rees
Lauren,Lee
Phil,Lyman
Kevin,Mackay
Thomas,Dickens
Vanessa,Graham
Adam,Hardacre
Richard,Cornish
Harry,Mills
Joan,Wilkins
Ruth,Lambert
Madeleine,Bailey
Yvonne,Hunter
Caroline,Knox
William,Cameron
Anna,May
Jack,Rutherford
Lillian,Metcalfe
Ryan,Clarkson
Adrian,Kelly
Sebastian,Campbell
Jonathan,Rampling
Jasmine,Glover
Tim,Russell
Justin,Cameron
Melanie,Hill
Anthony,Nolan
Melanie,Springer
Alan,Metcalfe
Simon,Cornish
Matt,Harris
Donna,Ferguson
Emma,Langdon
Eric,Young
Edward,Black
Nicola,Watson
Irene,Hamilton
Joshua,Burgess
Mary,Morgan
Keith,Simpson
Kimberly,Underwood
Charles,Robertson
Claire,Bailey
Joshua,Peters
Maria,Burgess
Colin,Wilkins
Penelope,Poole
Frank,Harris
Richard,Pullman
Frank,Vance
Kevin,Lyman
Molly,Underwood
Amy,Hemmings
Dan,Dickens
Leonard,Lawrence
Joan,Lewis
Isaac,Rees
Katherine,Rampling
Joe,Graham
Anthony,Ellison
William,Anderson
Blake,Watson
Chloe,McLean
Harry,Clark
Victoria,Anderson
Neil,Robertson
Caroline,Davidson
Sam,Martin
Adrian,Gray
Andrea,Sutherland
Nathan,Mathis
Michelle,Anderson
Abigail,King
Austin,Poole
Sarah,Martin
Katherine,Chapman
Gordon,Knox
Anthony,Fraser
Diana,North
Benjamin,Murray
Elizabeth,James
Faith,Stewart
Matt,Slater
Megan,Glover
Diana,Miller
Harry,MacLeod
Maria,Hamilton
Stephen,Terry
Fiona,Slater
Alan,Rampling
Kylie,Payne
Ian,Terry
Karen,King
Dylan,Paterson
Heather,Hardacre
Joan,Rees
Brandon,Bond
Nicholas,Rees
Jake,Vaughan
Lauren,Russell
Jason,Mitchell
Deirdre,Kerr
Abigail,Peters
Austin,Vaughan
Jasmine,Poole
Gordon,Wallace
Matt,May
Lily,White
Piers,Ferguson
Carl,Mills
Peter,Quinn
Adrian,Peters
Felicity,Gill
Leah,Ince
Alan,Murray
Matt,MacDonald
Neil,Parsons
Amy,Cornish
David,Campbell
Lillian,Carr
Anna,Buckland
Gordon,Hart
Victoria,Avery
Emily,Alsop
Robert,Morrison
Keith,Terry
Amanda,Graham
Samantha,Tucker
David,Metcalfe
Deirdre,Hamilton
Theresa,May
Lily,Blake
Gabrielle,Ellison
Ava,Anderson
Rebecca,Dickens
Madeleine,Greene
Jack,May
Kevin,Sutherland
Emma,Walker
Jessica,Mathis
Lauren,May
Joe,McLean
Adrian,Langdon
Matt,Reid
Una,McGrath
Dorothy,Metcalfe
Amanda,Wright
Owen,Mills
Thomas,Stewart
Fiona,Kerr
Blake,Scott
Sebastian,Cameron
Amanda,Hodges
Justin,Coleman
Robert,Gray
Frank,Blake
Jan,Piper
Wendy,Berry
Anna,Baker
Leah,Butler
Diana,Morrison
Trevor,Ogden
Thomas,Glover
Eric,Wallace
Una,Bower
Justin,Kerr
Simon,Walsh
Jennifer,Nash
Ruth,Cameron
Megan,Gray
Jessica,Sharp
Benjamin,Davidson
Thomas,Underwood
Richard,Scott
Heather,MacDonald
David,Hughes
Anne,Abraham
Carl,Smith
Benjamin,Rees
Edward,Hughes
John,MacLeod
Lauren,Hodges
Michael,Ball
Pippa,James
Rachel,Churchill
Dan,Grant
Andrew,Tucker
Matt,Underwood
Mary,Poole
Phil,Gibson
Nicholas,Ellison
Victor,Smith
Jonathan,Underwood
Anthony,Thomson
Melanie,Russell
Nathan,Edmunds
Wanda,Tucker
Richard,Underwood
Sebastian,Pullman
John,Harris
Diane,Reid
Virginia,Parsons
Alan,Jackson
Warren,Graham
Wendy,Dickens
Andrew,Short
Bella,Gibson
Rachel,Peters
James,Hill
Michelle,Hodges
Jason,Glover
Sean,Abraham
Yvonne,Baker
Simon,Baker
Virginia,Lewis
Lucas,Clarkson
Molly,Vaughan
Jason,Ince
Ruth,Arnold
Leah,Murray
Ava,Jackson
Jack,Hardacre
Deirdre,McGrath
Gordon,Terry
Charles,King
Connor,Wright
Elizabeth,Rampling
Olivia,Martin
Joanne,Oliver
Donna,Peake
Lillian,Allan
Lucas,Coleman
Michelle,King
Wanda,Buckland
Chloe,Kelly
Colin,Avery
Brandon,Hunter
Sonia,Stewart
John,Newman
Megan,Powell
Oliver,Campbell
Adrian,Poole
William,Kerr
Vanessa,Nash
Max,Hodges
Simon,Hodges
James,Hudson
Christian,Stewart
Connor,Davies
Madeleine,Nolan
Lily,Berry
Lisa,Knox
Sam,Henderson
Justin,Harris
Virginia,Rees
Lillian,Rampling
Neil,Lawrence
Fiona,Paterson
Ava,Lawrence
Frank,Hunter
Julia,Reid
Sebastian,Paterson
Madeleine,Lawrence
Una,Slater
Colin,Carr
Andrew,Lewis
Michelle,Jackson
Julia,Arnold
Amanda,Bower
Isaac,Bond
Victor,Hodges
Bernadette,Hamilton
Stewart,Mitchell
Benjamin,Arnold
Emma,Marshall
Boris,Pullman
Hannah,Peters
Connor,Jones
Alan,Ball
Matt,Parsons
Dorothy,Lee
Alison,Vance
Amanda,Hemmings
David,Payne
Vanessa,Bond
Colin,May
Anna,Wright
Richard,Newman
Diana,Henderson
Ian,Ellison
Jake,Parsons
Ella,Forsyth
Diane,Avery
Jason,North
Andrew,McLean
Lisa,Ellison
Evan,Coleman
Hannah,Lambert
Owen,Miller
Thomas,Duncan
Ryan,Taylor
Kimberly,Manning
Connor,Hunter
Dylan,Mathis
David,Jones
Joan,Edmunds
Keith,Johnston
John,Davies
Gabrielle,Jackson
Colin,Bell
Karen,Langdon
Dorothy,McGrath
Austin,Ball
Virginia,Bower
Michael,Bell
Kevin,Hart
Oliver,Slater
Virginia,Hughes
Julian,Roberts
Matt,Hunter
Matt,Taylor
Richard,Martin
Stephen,Pullman
Evan,Bower
Donna,Mills
Robert,Murray
Ian,Lambert
Leonard,Roberts
Diane,North
Mary,Dickens
Jane,Forsyth
Blake,Walker
Piers,Cameron
Liam,Morrison
Peter,Dyer
Tracey,Springer
Fiona,Berry
Leonard,Vance
Evan,Ince
Thomas,Mathis
Jason,Newman
Fiona,Bond
Jack,Chapman
Diana,Duncan
Richard,Walker
Leah,Sharp
Max,Lewis
Gordon,Short
Sally,Skinner
Colin,Underwood
Dylan,Harris
Dorothy,Mathis
Jasmine,Langdon
Fiona,Gray
Gabrielle,Gill
Lauren,Cameron
Hannah,Davies
Diana,Mills
Sue,Ogden
Diana,Coleman
Piers,Roberts
Richard,Russell
Jasmine,Sutherland
Keith,Bond
Karen,Hamilton
Ruth,Wright
Stephanie,Mitchell
Heather,Taylor
Dan,Hamilton
Michelle,Langdon
Una,Gray
Bernadette,Springer
Victoria,Skinner
Isaac,Morrison
Lucas,Alsop
Lillian,Hill
Amy,McGrath
Pippa,Hemmings
Justin,Anderson
Colin,Sanderson
Faith,Churchill
Isaac,Bailey
Donna,Glover
Madeleine,Bond
Blake,Paige
Samantha,Ogden
Lillian,Cornish
Piers,Simpson
Theresa,Hart
Amy,Ogden
Elizabeth,Sutherland
Caroline,Cornish
Abigail,Greene
Oliver,Hamilton
Fiona,Randall
Dylan,Newman
Jan,Sanderson
Melanie,Simpson
Tim,Lyman
Jan,Poole
Dorothy,Hill
Virginia,Paige
Hannah,Hudson
Natalie,Baker
Julian,Davidson
Trevor,Clarkson
Melanie,Sharp
Jennifer,MacDonald
Austin,Vance
Sebastian,Jones
Theresa,Clarkson
Nathan,Peters
Sue,King
Donna,Hudson
Donna,Randall
Stephen,Sharp
Jack,Clark
Ava,Davidson
Bernadette,Davidson
Anna,Lawrence
Leah,Henderson
Wendy,Short
Jasmine,Tucker
Christopher,Allan
Joe,Springer
Dan,Welch
Bernadette,Walsh
Adrian,Fraser
Amanda,Parsons
Harry,Grant
Dorothy,Skinner
Andrew,Nolan
William,Underwood
Ian,Anderson
Brandon,Ball
Olivia,Edmunds
Grace,Ross
Joseph,Gibson
Jonathan,Clark
Adam,Bell
Nicholas,Langdon
Charles,Paige
Isaac,Dyer
Zoe,Henderson
Rose,Ince
Neil,Piper
Dorothy,Bower
Jasmine,MacLeod
Charles,Carr
Madeleine,Skinner
Caroline,Chapman
Kimberly,Lyman
Samantha,Martin
Evan,Slater
Boris,Mackenzie
Angela,Hamilton
Amy,Avery
Thomas,Alsop
Jane,King
Anna,Vance
Frank,Martin
Joshua,Smith
Andrea,Abraham
Melanie,Johnston
Thomas,Vance
Dylan,Lee
Jonathan,Bond
Sally,Coleman
Andrew,Oliver
Simon,Welch
Joshua,Parr
Lucas,Newman
Carol,Paige
Oliver,Short
Carol,Greene
Stephanie,Vaughan
Diana,Cameron
Richard,Tucker
Leah,Oliver
William,Walker
Joanne,Butler
Brandon,Welch
Una,MacDonald
Lucas,Pullman
Piers,Marshall
Sue,Hamilton
Ian,Kerr
Steven,Allan
Jacob,Welch
Connor,Buckland
Diana,Black
Justin,Reid
James,Abraham
Liam,Parsons
Jonathan,Gill
Evan,Greene
Brandon,Greene
Sean,Turner
Julian,Mitchell
Boris,Sharp
Theresa,Ross
Neil,Howard
Lauren,Hill
Tracey,Nolan
Claire,Short
Jane,Reid
Maria,Fraser
William,Morrison
Robert,Mitchell
Christopher,Baker
Luke,McDonald
Melanie,Graham
Carolyn,Hart
Benjamin,Hart
Oliver,Morrison
Sarah,Lewis
Nicholas,Graham
Zoe,Berry
Frank,Sutherland
Evan,Poole
Sally,Rutherford
Frank,Coleman
Alison,Henderson
Jessica,Mills
Jasmine,Paterson
Amelia,Watson
Jake,Parr
Michelle,Kerr
Molly,Bower
Jasmine,Mackenzie
Nicola,May
Zoe,McDonald
Jennifer,Davidson
Dominic,Ince
Anne,Walsh
Alison,McGrath
Lucas,Bower
Trevor,Rampling
Virginia,Alsop
Rebecca,Manning
Trevor,Peters
David,Clarkson
Carol,Poole
Maria,Parsons
Harry,Knox
Amy,Marshall
Keith,Stewart
James,Clarkson
Lily,Lyman
Angela,Mackay
Gavin,Ellison
Sebastian,Oliver
Tracey,Short
Dominic,Morgan
Nathan,Tucker
Mary,Powell
Christopher,Churchill
Ava,Glover
Anne,Bond
Thomas,Davidson
Sebastian,Smith
Sally,Cornish
Bella,Randall
Lisa,Underwood
Bella,Metcalfe
Stewart,Knox
Leonard,Manning
Elizabeth,Carr
Eric,Carr
Jasmine,Stewart
Blake,Ellison
Diane,MacDonald
Lillian,Ross
Virginia,Grant
Jan,Hill
Jane,Young
Christopher,Ogden
Richard,Brown
Robert,Dowd
Kevin,Hill
Michelle,Lawrence
Fiona,Greene
Megan,Piper
Sophie,Mackenzie
Amelia,Knox
Kevin,Rampling
Frank,Lawrence
Kevin,Harris
Heather,Lawrence
Yvonne,Hughes
Gabrielle,Baker
Faith,Mitchell
Joshua,Lyman
Sarah,Walsh
Michelle,Marshall
Christopher,Vaughan
Richard,Churchill
Edward,Reid
Tim,Ince
Alan,Sutherland
William,Miller
Benjamin,May
Justin,McGrath
Carol,Glover
Nicola,Abraham
Emma,Rutherford
James,Gray
Bernadette,Lawrence
Samantha,Smith
Kevin,Murray
Benjamin,Piper
Andrew,Cornish
Ava,Thomson
Edward,Taylor
Rose,Gray
Matt,Lawrence
Dominic,Mills
Ava,Langdon
Colin,Parr
Wendy,Slater
Cameron,Greene
Oliver,Ross
Nathan,Fraser
James,Hughes
Ian,White
Alexandra,Oliver
Anne,Jackson
Liam,Manning
Amelia,Mackenzie
Abigail,Thomson
Eric,Taylor
Molly,Campbell
Justin,Hill
Theresa,McGrath
Anna,MacDonald
Alan,Roberts
Simon,Wright
Sophie,Robertson
Anne,Fraser
Sue,Brown
Phil,Burgess
Anthony,Gray
Jan,Murray
Richard,Bond
Abigail,Welch
Harry,Lyman
Gavin,Black
Evan,Walsh
Joan,Parr
Lily,Fraser
Lauren,Langdon
Isaac,Piper
Luke,Howard
Kevin,Mills
Penelope,Edmunds
Alison,Nolan
Peter,Brown
Sue,Lyman
Madeleine,Simpson
Sonia,Alsop
Sophie,Alsop
Gavin,Tucker
David,Simpson
Michael,Wilson
Anne,MacLeod
Sue,May
Eric,Cameron
Lisa,Davies
Kevin,Nolan
Steven,Stewart
Stephanie,Ferguson
Dylan,Hughes
Steven,Churchill
Mary,Sharp
Evan,Ball
Melanie,Clark
Jennifer,Parr
Steven,Butler
Wanda,Poole
Ella,Churchill
Abigail,Parr
Audrey,Wallace
Rose,Buckland
Julian,Bell
Karen,May
Carolyn,Nash
Boris,Avery
Lisa,Welch
Gordon,Vance
Jennifer,Peters
Diane,Morgan
Max,Walker
Lisa,Chapman
Anthony,Brown
Joe,Wilkins
Charles,Sanderson
Megan,Lambert
Charles,Kerr
Tim,Greene
Justin,Bailey
Sally,Paterson
Jack,White
Ella,Mills
Michelle,Mathis
Megan,Fraser
Evan,Alsop
Tracey,Pullman
Gabrielle,Russell
Alison,Morgan
Carol,Newman
Jason,Scott
Steven,Mackay
Justin,McDonald
Kimberly,Mackay
Samantha,King
Anthony,McDonald
Eric,Churchill
Rose,Mackay
Donna,Kelly
Adam,Ball
Peter,Greene
Kevin,Hunter
Molly,Young
Anthony,Tucker
Rachel,Baker
Richard,Mathis
Brian,Walsh
Max,Ross
Jack,Baker
Alan,Coleman
Owen,Hardacre
Maria,Hardacre
Luke,McGrath
Dorothy,Reid
Isaac,Reid
Sarah,Knox
Joshua,Forsyth
Felicity,King
Chloe,Ross
Karen,Mills
Sophie,Peake
Steven,Manning
Jake,Davies
Alexander,Greene
Carolyn,Peake
Julia,Grant
Ruth,Gill
Sebastian,Short
Lisa,North
Chloe,Pullman
Bernadette,Langdon
Tracey,Avery
Oliver,Chapman
Audrey,McDonald
Madeleine,Gray
Theresa,Forsyth
Warren,Carr
Andrea,Robertson
Jan,Sharp
Joan,Manning
Lillian,Turner
Anna,Powell
Abigail,Turner
Robert,Fisher
Jack,Dickens
Charles,Burgess
Karen,Gill
Andrea,Berry
Colin,Simpson
Stephen,Berry
Irene,Abraham
Rachel,Nolan
Amy,Clarkson
Audrey,Mills
Ian,Black
Jane,McGrath
Claire,Davies
Una,Harris
Stephanie,Morgan
Ruth,Simpson
Joshua,Baker
Christian,Dyer
Faith,Nolan
Edward,Campbell
Dominic,Davidson
Michael,Mackenzie
Piers,Wilkins
Dylan,Mackay
Abigail,Butler
Thomas,Martin
Sally,Cameron
Lucas,Wilkins
Charles,McGrath
Christopher,Bell
Gordon,Mills
Irene,Ferguson
Anthony,Hemmings
Gordon,Bond
Gavin,Lawrence
Sam,Russell
Lucas,Bond
Steven,Hardacre
Olivia,Vance
Angela,Hart
Felicity,Howard
Una,Manning
Keith,Langdon
Diana,Wright
Sonia,Pullman
Chloe,James
Jennifer,Churchill
Diane,Ellison
Jonathan,Randall
Harry,Blake
Nathan,King
Megan,Ball
James,Carr
Molly,Roberts
Olivia,Jackson
Julia,Ellison
Keith,Wright
Andrew,Sharp
Adrian,Burgess
James,Bailey
Sebastian,Hill
Felicity,Vance
Stewart,Howard
Dominic,Anderson
Bernadette,Arnold
Virginia,Metcalfe
Cameron,Harris
Lisa,Campbell
Sue,Baker
Sarah,Oliver
Carl,Springer
Phil,Newman
Jake,Tucker
Leonard,Buckland
Colin,Davies
Sophie,Abraham
Neil,Wright
Faith,Oliver
Rebecca,Mills
Lauren,Wright
Jack,Avery
Steven,Murray
Jessica,Peters
Penelope,Roberts
Frank,Bailey
Owen,Jones
Irene,Miller
Colin,Cameron
Joan,McDonald
Blake,Abraham
Charles,Abraham
Christian,Anderson
Lucas,Watson
Joshua,Johnston
Peter,Ross
Jessica,Chapman
Peter,Graham
Blake,Glover
Molly,Metcalfe
Bernadette,Fisher
Stephen,MacLeod
Amelia,Payne
Trevor,Kelly
John,Brown
Jason,Wright
Theresa,Coleman
Warren,Grant
Angela,MacDonald
Bernadette,MacLeod
Anna,King
Jasmine,Hodges
Faith,Jackson
Natalie,Kerr
Charles,Newman
Neil,Brown
Warren,Jackson
Amanda,Roberts
Brandon,Roberts
Kylie,McLean
Jennifer,Manning
Nicola,Ogden
Luke,Simpson
Owen,Pullman
Nathan,Watson
Sam,Buckland
Rachel,Buckland
Penelope,Alsop
Brandon,Hart
Chloe,Gibson
Carl,Alsop
Diana,Jackson
Paul,Coleman
Gordon,Paterson
Connor,Blake
Irene,Sanderson
Dominic,Bell
Edward,Forsyth
Boris,Gibson
Rachel,Welch
Sophie,Morgan
Jan,Martin
Austin,Nash
Stephanie,Lee
Natalie,Greene
Eric,Peake
Julian,Greene
Anne,Wilson
Ryan,Scott
Madeleine,Chapman
Nicholas,Morgan
Alison,Lawrence
Madeleine,Randall
Trevor,Oliver
Gordon,Welch
Isaac,Mills
Liam,Morgan
Jennifer,Lawrence
Joshua,Carr
Wendy,Parr
Peter,Turner
Amy,Slater
Mary,Pullman
Carol,Taylor
Richard,Mackay
Alan,Hudson
Dylan,Peters
Tracey,Morgan
Caroline,Poole
Amanda,Terry
Zoe,Harris
Piers,Murray
Christian,Mitchell
Rebecca,Fisher
Leah,Knox
Adrian,Terry
Justin,Ball
Wanda,James
Jan,Paterson
Gordon,Marshall
Kylie,Bailey
Angela,Terry
Wanda,Manning
Dan,McGrath
Abigail,Blake
Simon,McGrath
Fiona,Coleman
Fiona,Marshall
Paul,Sanderson
Adrian,Avery
Phil,Berry
Lisa,Hardacre
Christopher,Lyman
Julia,Parr
Rose,Oliver
Sean,Terry
Brian,Thomson
Tracey,Anderson
Amanda,Forsyth
Joseph,Walker
Stephanie,Kelly
David,Gray
Ella,Welch
Alan,Edmunds
Claire,Chapman
Stephanie,Lambert
Paul,Edmunds
Sam,Paterson
Brian,Bell
Angela,Edmunds
Tim,Davies
Joshua,Clarkson
Jessica,Morrison
Sophie,Walker
Lucas,Hudson
Adam,Edmunds
Sophie,Gray
Deirdre,Nolan
Gabrielle,Hemmings
Nicola,Coleman
Theresa,Gray
Boris,Anderson
Alison,Lee
Madeleine,Ogden
Michelle,Ellison
Steven,MacLeod
Stephanie,Springer
Heather,Greene
Maria,Anderson
Jason,Clark
Wanda,Cameron
Bella,Abraham
Justin,Black
Boris,Simpson
Sally,Russell
Justin,Gray
Abigail,Rutherford
Wanda,Mills
Abigail,Randall
Joseph,Langdon
Steven,Blake
Peter,Ball
Isaac,Quinn
Thomas,Terry
Julia,Gray
Maria,Hill
Alan,Hughes
Christian,Ogden
Harry,McLean
Justin,Glover
Fiona,Mackay
John,Churchill
Andrea,Underwood
Sarah,Baker
Joe,Roberts
Fiona,Robertson
Cameron,Turner
Jessica,Cameron
Kevin,Welch
Peter,Clarkson
Anna,Lyman
Katherine,Buckland
Jonathan,Wilkins
Vanessa,Walker
Brandon,Parr
Melanie,Wilkins
Anthony,Bower
Andrea,Watson
Robert,Wright
Victoria,Sutherland
Madeleine,Anderson
Hannah,Edmunds
Yvonne,Lewis
Liam,Gibson
Abigail,Nash
Jan,Grant
Julian,Lewis
Dominic,Young
Kylie,Roberts
Matt,Coleman
Kylie,Quinn
Karen,Sutherland
Peter,King
Bella,Murray
Kevin,Fraser
Wendy,Jackson
Diane,Walker
Sean,Harris
Boris,Ellison
Megan,North
Gabrielle,Rees
Michael,Scott
Alexandra,Glover
David,Davidson
Austin,Jackson
Natalie,Reid
Virginia,Bell
Cameron,Hunter
Robert,Glover
Alexandra,Hodges
Christian,Bond
Alan,Taylor
Luke,Paige
Karen,Black
Jasmine,Buckland
Carl,Cornish
Victor,Ellison
Melanie,Henderson
Carl,White
Tim,Ross
Zoe,Ross
Victor,Wallace
Jake,Ball
Jennifer,Thomson
Trevor,Forsyth
Charles,Clarkson
Brandon,Robertson
Donna,Avery
Bernadette,Smith
Max,Smith
Stephen,Jackson
Boris,Martin
Megan,Metcalfe
Zoe,Thomson
Abigail,Baker
Sarah,Lee
Eric,Brown
Frank,Arnold
William,Nash
Wanda,Gibson
Sam,Mackay
Neil,Bond
Julian,Poole
Stephen,Martin
Emily,King
Diane,Wilson
Kylie,Gray
Carol,Clarkson
Peter,Miller
Sarah,Mitchell
Jason,Sutherland
Isaac,Churchill
Sebastian,Kerr
Molly,White
Jake,Alsop
Sophie,Ferguson
Leah,McLean
Oliver,Fisher
Ian,MacDonald
Jonathan,James
Jan,Terry
Sebastian,Poole
Lisa,Kelly
Faith,Springer
Evan,Rampling
Victoria,Rees
Pippa,Marshall
Diane,Bond
Bernadette,Campbell
Gordon,Ferguson
Paul,Davidson
Colin,Berry
Leonard,Brown
Olivia,Forsyth
John,Sanderson
Brandon,Hamilton
Frank,Buckland
Bernadette,Duncan
Madeleine,Brown
Jasmine,Rees
Joe,Scott
Sophie,Arnold
Caroline,Bailey
Lillian,Langdon
Maria,Dickens
Sean,Clarkson
Dan,Sanderson
Charles,Coleman
Oliver,Hardacre
Brandon,Nash
Frank,Hamilton
Eric,Harris
Megan,Kelly
Anne,Ross
Nicola,Manning
Victoria,Underwood
Colin,Quinn
Victor,North
Bernadette,Lewis
Jake,Paterson
Liam,Hardacre
Colin,Reid
Faith,Mathis
Dan,Wright
Eric,Arnold
Deirdre,Paige
Megan,Hudson
Bernadette,Simpson
Jack,Watson
Dylan,Hart
Sophie,Underwood
Caroline,Hart
Benjamin,Bailey
Jack,Mills
Vanessa,Glover
Sophie,Mathis
David,Peters
Charles,Grant
Dan,Hemmings
Audrey,Piper
Fiona,Watson
Richard,Buckland
Phil,Bond
Heather,Fisher
Benjamin,Alsop
Sophie,McLean
Robert,Hughes
Anna,Vaughan
Felicity,Duncan
Wendy,Hemmings
Austin,Gibson
Jonathan,Smith
Amy,Scott
Melanie,Greene
John,Butler
Emma,Slater
Lucas,Turner
Thomas,Hart
Benjamin,Chapman
Wanda,Taylor
Ella,Howard
Anne,Forsyth
Samantha,Thomson
Brian,Clarkson
Austin,Brown
Harry,Tucker
Gabrielle,Duncan
Luke,Gray
Paul,Ellison
Boris,Fisher
Ella,Newman
Kylie,Campbell
Oliver,Newman
Stewart,Bell
William,Johnston
Ryan,Lambert
Stephanie,Payne
Joanne,Newman
Austin,Coleman
Claire,Piper
Donna,McDonald
William,Hardacre
Frank,Nash
Pippa,Churchill
Alan,Fraser
Jacob,Buckland
Carl,Wright
Max,Morgan
Stephen,Hughes
Elizabeth,Watson
Oliver,Forsyth
Justin,Jones
Kevin,Scott
Penelope,Martin
Jack,Gill
Amanda,Grant
Sebastian,Langdon
Melanie,Grant
Jane,Graham
Oliver,Vaughan
Colin,Walker
Jacob,Jackson
Tim,Howard
Joe,Sutherland
Vanessa,Carr
Jennifer,Bond
Amanda,Hill
Melanie,Gill
Una,Marshall
Peter,Abraham
Joe,Watson
Oliver,Nash
Ava,Reid
Kimberly,Nolan
Natalie,Lyman
James,Peake
Ruth,Quinn
Felicity,Peters
Connor,Fraser
Maria,Gray
Irene,Murray
Rose,McLean
Tim,Carr
Dylan,Simpson
Amanda,Abraham
Joshua,Tucker
Amelia,Bailey
Jason,Nolan
Madeleine,Henderson
Virginia,Chapman
Boris,Welch
Dylan,Howard
Jason,Kerr
Warren,Duncan
Angela,Wilkins
Neil,Cameron
Adrian,MacLeod
Ryan,Parsons
William,McDonald
Jasmine,Davidson
Caroline,Randall
John,Mathis
Anthony,Bond
Maria,Oliver
Alan,Forsyth
Cameron,Smith
Jake,Manning
Sonia,Sharp
Anthony,Poole
Caroline,Fraser
Sue,Dyer
Rachel,Parr
Alison,Bower
Kevin,Mackenzie
Elizabeth,Morrison
Angela,Sutherland
Christopher,Murray
Elizabeth,Quinn
Steven,Hunter
Emily,Churchill
Dan,Peake
Victoria,Gill
Harry,Hart
Donna,Nash
Vanessa,May
Rebecca,Lyman
Pippa,Dickens
Frank,Ince
Olivia,Skinner
Nicholas,Wright
Gabrielle,Butler
Stewart,Edmunds
Matt,Springer
Jason,Short
Rebecca,Rampling
Penelope,Watson
Sally,Terry
Megan,Allan
Gavin,Mathis
Nicholas,Reid
Sonia,Young
Brian,Arnold
Melanie,Dickens
Rachel,James
Penelope,Hamilton
Lauren,Sutherland
Elizabeth,Duncan
Maria,Wilson
Warren,Allan
Owen,Short
Joanne,Harris
Lauren,Turner
Sam,Vaughan
Audrey,Kerr
Carolyn,Allan
Pippa,Hughes
Bella,Fisher
Boris,Arnold
Dominic,Allan
Sam,Churchill
Lauren,Gill
Jonathan,Brown
Alexander,Knox
Sam,Bell
Adam,Kelly
Liam,White
Samantha,Vaughan
Trevor,McDonald
Carl,Gill
Eric,Roberts
Colin,Rutherford
Penelope,Thomson
Rebecca,Ball
Samantha,Hart
Brian,Johnston
Joshua,Walsh
Trevor,Buckland
Isaac,Berry
Max,Bell
Megan,Gibson
Julia,Paterson
Evan,Hamilton
Piers,Lawrence
Caroline,Abraham
Audrey,Lyman
Christian,Russell
Max,Clark
Austin,Dyer
Nathan,Duncan
Wendy,Ellison
Jack,Dowd
Christian,Sharp
Jake,Powell
Karen,Forsyth
Max,Vaughan
Peter,Grant
Cameron,Peters
Stewart,Parr
Claire,Hodges
Megan,Lyman
Bernadette,Marshall
Lisa,Greene
Irene,North
Madeleine,Duncan
Isaac,Davidson
Ian,Rutherford
Phil,Lambert
Melanie,Walker
Andrea,Cameron
Samantha,Slater
Joshua,Morgan
Nicola,Metcalfe
Sebastian,MacLeod
Cameron,Mackay
Joseph,McLean
Connor,Taylor
Christopher,May
Jane,Ogden
Adrian,Hudson
Deirdre,Metcalfe
Richard,Watson
Peter,Marshall
Mary,Rampling
Ava,Abraham
Phil,Campbell
Theresa,Mitchell
Frank,Underwood
Una,Grant
Ella,Graham
Jake,Springer
Ava,Nash
Penelope,King
Angela,Butler
Grace,Nash
Connor,Robertson
Hannah,Parsons
Dylan,Coleman
Liam,Lee
Alexander,Lewis
Dylan,Graham
Rachel,Mackenzie
Jacob,Pullman
Victoria,Taylor
Nicholas,Buckland
Sonia,Graham
Michelle,Sutherland
Christopher,McDonald
Paul,King
Heather,Morgan
Nathan,Mitchell
Caroline,Berry
Wanda,Brown
Austin,Smith
Stephanie,Quinn
Victor,Rutherford
Carl,Dyer
Carol,Jones
Caroline,Peters
Oliver,Payne
Justin,Wilson
Jason,Skinner
Megan,Taylor
Megan,King
Irene,Oliver
Bernadette,Baker
Katherine,Poole
David,Robertson
Alan,Mills
Owen,Peake
Boris,McDonald
Heather,Gray
Adrian,Rampling
Isaac,Kelly
Stephanie,Wallace
Madeleine,Blake
Bella,Oliver
Una,Short
Vanessa,Hudson
Thomas,Oliver
Amy,Newman
David,Grant
Simon,Miller
Charles,Bell
Dan,Lyman
Claire,Tucker
Kylie,Davies
Michelle,Tucker
Katherine,Edmunds
Sean,Vaughan
Andrea,Lee
Oliver,Simpson
Jan,Peake
John,Hodges
Amelia,Cameron
Alexandra,Marshall
Theresa,White
Zoe,Arnold
Joanne,Jones
Connor,Smith
Robert,Wilkins
Christopher,Hamilton
Abigail,Wright
Stephanie,Forsyth
Dylan,Ferguson
Julia,Miller
Ian,Wallace
Olivia,Langdon
Joe,Walker
Kimberly,Reid
Penelope,Young
Kylie,Grant
Deirdre,Grant
Chloe,Springer
Tim,Abraham
Sally,Hodges
Sebastian,Black
Amy,Fraser
Bernadette,Hemmings
Sean,Churchill
Jessica,Kerr
Piers,Quinn
Richard,Murray
Megan,MacDonald
Gordon,Anderson
Sarah,Kerr
Dominic,Underwood
Natalie,Hughes
Deirdre,Wilson
Stephanie,Bell
Eric,Mitchell
Felicity,Fisher
Nathan,Davies
Andrew,Powell
Jasmine,Peters
Benjamin,Gibson
Gavin,Berry
Karen,Davies
Abigail,Hart
Lily,Clark
Stewart,Kelly
Owen,Wallace
Sonia,Burgess
Christopher,Campbell
Claire,Underwood
Zoe,Lee
Luke,Ince
Chloe,Stewart
Amy,Morgan
Christian,Butler
Bella,Scott
Alexandra,Payne
Michael,Mackay
Matt,Blake
Liam,Stewart
Sebastian,Arnold
Dorothy,Fisher
Kylie,Vaughan
Jacob,Gray
Sam,White
Jonathan,Peake
Faith,Skinner
Chloe,Sharp
Harry,Davidson
Amanda,Payne
Carl,Berry
Una,Young
Tim,Anderson
Melanie,Gibson
Irene,Alsop
Kevin,Tucker
David,Bell
Ella,Nolan
Oliver,McLean
Sue,Berry
Simon,Lewis
Nicola,Howard
Joseph,Peake
Zoe,Mills
Evan,Rees
Jennifer,Pullman
Austin,Sharp
Nicola,Peake
Joanne,Hemmings
Cameron,Hamilton
Joanne,Manning
Michael,Welch
Gabrielle,Nolan
Richard,Hunter
Carl,Marshall
Stephanie,Russell
Paul,Blake
Stephanie,Marshall
Rebecca,Berry
Gordon,Dickens
Gordon,Scott
Benjamin,Poole
Jan,Bell
Liam,Hodges
Chloe,Peake
Brandon,Simpson
Jonathan,Nash
Sean,Black
Andrea,Ferguson
Alexander,Manning
Joseph,Ross
Jennifer,Kelly
Leah,Berry
Liam,Dyer
Katherine,Mackay
Joe,Martin
Jane,Smith
Alexander,Langdon
Megan,Langdon
Rebecca,Bond
Tracey,Ogden
Zoe,King
Andrew,Hill
Caroline,Harris
Katherine,Dickens
Audrey,Hemmings
John,McGrath
Austin,Baker
Deirdre,Hemmings
Oliver,Butler
Andrew,Bell
Jonathan,Roberts
Kevin,Payne
Samantha,Skinner
Carol,Hardacre
Stephanie,Graham
William,Gibson
Joan,Davidson
Vanessa,North
Thomas,Dyer
Caroline,Gray
Kevin,Wallace
Alexandra,Lawrence
Isaac,Lawrence
Ruth,Jackson
Michael,Marshall
Benjamin,Brown
Theresa,Watson
Alexander,Vance
Donna,Sutherland
Carl,Watson
Neil,Coleman
Rebecca,Duncan
Audrey,Lee
Stephen,Black
Jane,Martin
Bernadette,Avery
Claire,Simpson
Ryan,Berry
Jane,Langdon
Peter,Lyman
Abigail,Cornish
Blake,Marshall
Stephanie,Campbell
Oliver,Hill
Edward,Mills
Tim,Lawrence
Harry,Slater
Peter,Ferguson
Joan,Glover
Virginia,Underwood
Sophie,Sutherland
Leah,Powell
Liam,Hudson
Joanne,Marshall
Julia,Nash
Stephanie,King
Chloe,Forsyth
Christian,Glover
Donna,Walsh
Benjamin,Jones
Ian,Dyer
Andrea,Buckland
Colin,Lyman
Victor,Ross
Joe,McGrath
Irene,Mathis
Ella,Johnston
Jonathan,Johnston
Heather,Lyman
Harry,Roberts
Anne,Bower
Tracey,Marshall
Ryan,MacDonald
Sonia,MacLeod
Sebastian,Russell
Alison,Tucker
Joan,Duncan
Una,Mackay
Alexandra,Jones
Max,Parsons
Frank,Dowd
Paul,Arnold
Ella,Grant
Amelia,Arnold
Stewart,Butler
Theresa,Manning
Dominic,Terry
Carol,Mitchell
Jack,Bond
Lisa,Graham
Pippa,Russell
Michael,Peake
Victor,Clarkson
Stephen,Rutherford
Jason,Black
Melanie,Welch
Sally,Mitchell
Abigail,May
Grace,Churchill
Nathan,Smith
Julia,Ince
Luke,Lyman
Michelle,McGrath
Sally,McGrath
Anna,Clarkson
Claire,Campbell
William,Bond
Gordon,Hardacre
Tim,Simpson
Jason,Martin
Matt,Terry
Piers,Reid
Andrea,Jones
Sarah,Grant
Amanda,Gibson
Austin,Ferguson
Max,Jones
Phil,Knox
Sean,Ince
Alexander,Arnold
Nathan,Ellison
Brandon,Bailey
Penelope,Morgan
Elizabeth,Gray
Evan,Parsons
Simon,Russell
Piers,Payne
Samantha,Sharp
Edward,Butler
Rose,Rees
Stewart,Davidson
Anthony,Anderson
Melanie,Payne
Victor,Miller
Ella,Tucker
John,Roberts
Brandon,Springer
Faith,Fraser
David,Lee
Julian,Knox
Victoria,Duncan
Sean,Hunter
Anna,Miller
Diane,Lewis
Tracey,Johnston
Jake,Arnold
Dylan,Miller
Dylan,Nolan
Colin,Peake
Michael,Kelly
Penelope,Nolan
Amanda,Poole
Katherine,Lambert
Justin,Powell
Ava,Turner
Hannah,James
Molly,Nash
Katherine,Hart
Eric,Welch
Christopher,Anderson
Steven,Hemmings
Brian,Oliver
Christian,Cornish
Alexandra,White
Joanne,Welch
Neil,Wilson
Jennifer,Sanderson
Lillian,Mackenzie
Charles,Baker
Jason,Campbell
Stephanie,Sutherland
Ruth,Clarkson
Vanessa,Gray
Michael,Duncan
Samantha,Kerr
Lillian,Robertson
Boris,Roberts
Rachel,Wallace
Luke,Wright
Jasmine,Lyman
Nicola,Payne
Alexandra,Alsop
Yvonne,Alsop
Frank,Terry
Alison,Hudson
Leonard,Walsh
Felicity,Gray
Donna,Vaughan
Theresa,Scott
Joshua,Allan
Karen,Murray
Sue,Kerr
Harry,Vaughan
Sally,Mathis
Max,Hemmings
Charles,Miller
Lillian,Glover
Trevor,Lee
Lucas,Gray
Nicholas,Underwood
Diana,Hardacre
Theresa,Abraham
Andrew,Roberts
Rebecca,Paterson
Anthony,Davidson
Nicholas,Taylor
Sam,McGrath
Blake,Slater
Michelle,Simpson
Jason,Anderson
Joseph,Jackson
Blake,Langdon
Wanda,Fisher
Mary,Graham
Grace,Hardacre
Melanie,Baker
Christian,Coleman
Austin,Cameron
Max,Kerr
Emily,Duncan
Simon,Pullman
Lauren,Stewart
Oliver,Harris
Jacob,Martin
Sue,Piper
Carolyn,Wilson
John,Rees
Amelia,Stewart
Vanessa,Ellison
Bernadette,Payne
Oliver,Cameron
Alison,Nash
Victoria,Welch
Piers,MacLeod
Lillian,Dyer
Hannah,Glover
Deirdre,Harris
Joanne,Lambert
Molly,Dowd
Claire,Ross
Nicola,Walker
Harry,Allan
Max,Wallace
Audrey,Scott
Blake,Harris
Bella,Watson
Austin,Lee
Leonard,McDonald
Victor,Hart
Ian,Manning
Dan,Lambert
Joseph,Brown
Sophie,Mills
Connor,Lewis
Jacob,Hamilton
Piers,Hunter
Sean,Rees
Dorothy,Wallace
Maria,Gill
Oliver,Sanderson
Amanda,May
Victor,Walker
Amanda,Parr
Zoe,Rampling
Zoe,Burgess
Andrea,Thomson
Victor,Morgan
Connor,Mackay
Stewart,Oliver
Blake,Parsons
Victoria,Wilson
Lauren,Rutherford
Phil,Ogden
Lucas,Lee
Paul,Gibson
Rose,Parr
Lauren,Peters
Katherine,Kerr
Jacob,Rutherford
Keith,Hemmings
Molly,McLean
Lisa,Mitchell
Jennifer,Bell
Amy,Lambert
Ava,Brown
Angela,Grant
Grace,Mitchell
Melanie,Mackenzie
Amanda,Johnston
Jonathan,Wallace
Stewart,Quinn
Gabrielle,Fisher
Joseph,Kerr
Lisa,Walker
Joe,Rees
Keith,Paterson
Ryan,Russell
Zoe,Carr
Lucas,Berry
Dylan,Jackson
Matt,Quinn
Edward,Hamilton
Warren,Cornish
Max,Cornish
Penelope,Greene
Sam,Peters
Thomas,Cornish
Simon,Forsyth
Felicity,Martin
Sam,May
Jason,Wilkins
Christian,Morrison
Blake,Clark
Alan,Lee
Alexandra,Jackson
Nicholas,Turner
Paul,Oliver
Anna,Greene
Sue,Campbell
Liam,Ogden
Eric,Burgess
Mary,Lawrence
Wendy,North
Bernadette,Wallace
Virginia,North
Audrey,Morrison